intercept	slope	group	x	xend	y	yend
3	2	1	0	1	0.0267684337378744	0.963289414727137
0	1	1	0.184904206985163	1	0	0.381677155837238
