intercept	slope	group	x	xend	y	yend
3	2	1	0	1	0.0397392834255691	1.00443414455028
0	1	1	NA	NA	NA	NA
