intercept	slope	group	x	xend	y	yend
3	2	1	0	1	0.0434070858794658	0.973677728107586
0	1	1	0.148930513484348	1	0	0.395862478900836
