colour	fill	xmin	xmax	ymin	ymax	clickSelects
#F8766D	#F8766D	0.479785223998465	0.954545454545455	0.479431284622719	0.954545454545455	Q1
#7CAE00	#7CAE00	0.0454545454545455	0.477486855661844	0.479286654175908	0.877507121490084	Q2
#00BFC4	#00BFC4	0.0642533543287301	0.477149585207457	0.0628009455090462	0.478975070937199	Q3
#C77CFF	#C77CFF	0.477941324860799	0.924798925742054	0.0454545454545455	0.477240342543329	Q4
