colour	fill	xmin	xmax	ymin	ymax	clickSelects
#F8766D	#F8766D	0.526893209102542	0.911954284716953	0.446937097891644	0.891647293713096	Q1
#7CAE00	#7CAE00	0.0454545454545454	0.525827423092455	0.447008032992406	0.954545454545455	Q2
#00BFC4	#00BFC4	0.0692829434290386	0.525916887735705	0.0496298534517178	0.445933758917154	Q3
#C77CFF	#C77CFF	0.527608195359515	0.954545454545455	0.0454545454545455	0.446774419710161	Q4
