colour	fill	x	y	showSelected
#F8766D	#F8766D	0.628857960654139	0.559226176036211	Q1
#7CAE00	#7CAE00	0.411005755086405	0.556542851230559	Q2
#00BFC4	#00BFC4	0.424538246419158	0.324594788828035	Q3
#C77CFF	#C77CFF	0.631425391241642	0.324455188526835	Q4
