colour	fill	x	y	showSelected
#F8766D	#F8766D	0.609656494180066	0.638796222644463	Q1
#7CAE00	#7CAE00	0.383688768506082	0.651613093612627	Q2
#00BFC4	#00BFC4	0.382339281267491	0.393533296348191	Q3
#C77CFF	#C77CFF	0.622241557540482	0.39768350799716	Q4
