colour	fill	x	y	showSelected
#F8766D	#F8766D	0.670917261690549	0.632802089326722	Q1
#7CAE00	#7CAE00	0.416419306513573	0.631773221697836	Q2
#00BFC4	#00BFC4	0.417214464573776	0.417932862072751	Q3
#C77CFF	#C77CFF	0.667425108890899	0.418374349839944	Q4
