colour	fill	xmin	xmax	ymin	ymax	clickSelects
#F8766D	#F8766D	0.505206645803524	0.922965049441811	0.520291457979467	0.914592698813109	Q1
#7CAE00	#7CAE00	0.112034174892824	0.502791038794582	0.521384170122254	0.954545454545455	Q2
#00BFC4	#00BFC4	0.0454545454545455	0.504212921933431	0.0454545454545454	0.5191579440301	Q3
#C77CFF	#C77CFF	0.505228376382986	0.954545454545454	0.0567838470371952	0.518822117493298	Q4
