colour	fill	xmin	xmax	ymin	ymax	clickSelects
#F8766D	#F8766D	0.486700962753765	0.954545454545455	0.568332815103496	0.954545454545455	Q1
#7CAE00	#7CAE00	0.0454545454545455	0.485757721766532	0.568664823534636	0.943830292075586	Q2
#00BFC4	#00BFC4	0.0874699238034995	0.485892319164623	0.200768269212523	0.567473471298588	Q3
#C77CFF	#C77CFF	0.487526776077058	0.889890000337692	0.0454545454545454	0.568200529508412	Q4
