colour	fill	xmin	xmax	ymin	ymax	clickSelects
#F8766D	#F8766D	0.531128473101108	0.941250768860696	0.542159273104258	0.905336899583634	Q1
#7CAE00	#7CAE00	0.102468497853572	0.529199362834836	0.542963251682557	0.954545454545455	Q2
#00BFC4	#00BFC4	0.0454545454545455	0.52847476558693	0.0454545454545454	0.540327823606443	Q3
#C77CFF	#C77CFF	0.530972056245067	0.954545454545455	0.162333984723928	0.541813942690417	Q4
