colour	fill	x	y	showSelected
#F8766D	#F8766D	0.646660159348092	0.635704874445231	Q1
#7CAE00	#7CAE00	0.42512960101008	0.633997152908493	Q2
#00BFC4	#00BFC4	0.412421859187083	0.407524011240628	Q3
#C77CFF	#C77CFF	0.652247901764605	0.409441863685766	Q4
