colour	fill	xmin	xmax	ymin	ymax	clickSelects
#F8766D	#F8766D	0.547232472575665	0.949112958967769	0.52320528913348	0.901884880036979	Q1
#7CAE00	#7CAE00	0.118088496307802	0.545200053310193	0.523262521818649	0.954545454545454	Q2
#00BFC4	#00BFC4	0.0454545454545455	0.544046760301701	0.144923683257987	0.521390145404446	Q3
#C77CFF	#C77CFF	0.545713243981722	0.954545454545455	0.0454545454545455	0.52123177276589	Q4
