colour	fill	xmin	xmax	ymin	ymax	clickSelects
#F8766D	#F8766D	0.508136989766825	0.899430201567235	0.520143955333524	0.954545454545455	Q1
#7CAE00	#7CAE00	0.085607181042499	0.507853722714	0.519958977489412	0.929875681275452	Q2
#00BFC4	#00BFC4	0.0454545454545454	0.506833935787991	0.0454545454545455	0.51924587819744	Q3
#C77CFF	#C77CFF	0.508154276049492	0.954545454545455	0.164257645943319	0.519519443524623	Q4
