colour	fill	x	y	showSelected
#F8766D	#F8766D	0.527731103859468	0.492179508851444	Q1
#7CAE00	#7CAE00	0.310153360413833	0.486004414805839	Q2
#00BFC4	#00BFC4	0.303870769590481	0.321012735176127	Q3
#C77CFF	#C77CFF	0.514647243839924	0.313066388235755	Q4
