colour	fill	x	y	showSelected
#F8766D	#F8766D	0.611063583662803	0.669803500535121	Q1
#7CAE00	#7CAE00	0.376086301609007	0.674561252160922	Q2
#00BFC4	#00BFC4	0.371985511893754	0.463466256014624	Q3
#C77CFF	#C77CFF	0.60565540134916	0.471224268993788	Q4
