colour	fill	xmin	xmax	ymin	ymax	clickSelects
#F8766D	#F8766D	0.417034080529414	0.954545454545455	0.406118274034342	0.763732255618948	Q1
#7CAE00	#7CAE00	0.0454545454545455	0.413360361089628	0.406469683966549	0.954545454545454	Q2
#00BFC4	#00BFC4	0.0640980807096265	0.412504260808634	0.0985450383190345	0.405538663489604	Q3
#C77CFF	#C77CFF	0.415439990016622	0.759352888209223	0.0454545454545455	0.404375052016896	Q4
