colour	fill	x	y	showSelected
#F8766D	#F8766D	0.616284600067523	0.627682068045169	Q1
#7CAE00	#7CAE00	0.395433760599734	0.639824576713711	Q2
#00BFC4	#00BFC4	0.394735248034439	0.396674983801269	Q3
#C77CFF	#C77CFF	0.614586296047321	0.402727550672509	Q4
