colour	fill	x	y	showSelected
#F8766D	#F8766D	0.651272861914816	0.643296597159832	Q1
#7CAE00	#7CAE00	0.397578999857982	0.649886937588782	Q2
#00BFC4	#00BFC4	0.406109371300154	0.442261323480671	Q3
#C77CFF	#C77CFF	0.664683207055299	0.443413610007023	Q4
