colour	fill	x	y	showSelected
#F8766D	#F8766D	0.603440192954201	0.600776933064986	Q1
#7CAE00	#7CAE00	0.349455358482198	0.595577737313998	Q2
#00BFC4	#00BFC4	0.355518130045341	0.362140062423475	Q3
#C77CFF	#C77CFF	0.598164058884233	0.358028256759348	Q4
