colour	fill	xmin	xmax	ymin	ymax	clickSelects
#F8766D	#F8766D	0.528609443168975	0.916022354494862	0.520917413523854	0.954545454545454	Q1
#7CAE00	#7CAE00	0.111239804999812	0.52749415067431	0.519484360496905	0.925474124146277	Q2
#00BFC4	#00BFC4	0.0454545454545454	0.527547389358879	0.0454545454545455	0.519110694766513	Q3
#C77CFF	#C77CFF	0.527920653487097	0.954545454545454	0.115004273128617	0.519055930580024	Q4
