colour	fill	xmin	xmax	ymin	ymax	clickSelects
#F8766D	#F8766D	0.511945284183981	0.838634915677522	0.534214519036627	0.921735905163844	Q1
#7CAE00	#7CAE00	0.196804576085977	0.51107222286217	0.534432293402083	0.954545454545454	Q2
#00BFC4	#00BFC4	0.0454545454545455	0.51134330851422	0.0454545454545454	0.534047872719934	Q3
#C77CFF	#C77CFF	0.511953657907426	0.954545454545454	0.133570642315549	0.53376046081242	Q4
