colour	fill	x	y	showSelected
#F8766D	#F8766D	0.606439037864599	0.660109704409848	Q1
#7CAE00	#7CAE00	0.413601135748086	0.647546579986662	Q2
#00BFC4	#00BFC4	0.399284101868138	0.424307029841729	Q3
#C77CFF	#C77CFF	0.607219464281109	0.428592369115378	Q4
